school,Sex,RACE,ACT,batball,3flips,widgets,trucks,lilypads,water,giftwrap,Jerry,IQ,3.4K v 3.8K(2),Prestige
UM (dearborn),Female,White,26.0,0,0.0,0.0,0.0,0.0,0.0,1.0,0.0,1.0,0.0,low
UM (dearborn),Female,Black,23.0,1,0.0,0.0,0.0,1.0,0.0,1.0,1.0,4.0,1.0,low
UM (dearborn),Male,White,27.0,0,0.0,0.0,1.0,1.0,1.0,1.0,0.0,4.0,0.0,low
UM (dearborn),Male,Black,22.0,0,0.0,0.0,0.0,0.0,0.0,0.0,0.0,0.0,1.0,low
UM (dearborn),Male,Other,31.0,1,1.0,1.0,1.0,1.0,1.0,1.0,1.0,8.0,1.0,low
UM (dearborn),Male,White,26.0,1,0.0,0.0,0.0,1.0,1.0,1.0,1.0,5.0,1.0,low
UM (dearborn),Female,White,22.0,0,1.0,0.0,0.0,0.0,1.0,0.0,0.0,2.0,0.0,low
UM (dearborn),Male,White,22.0,1,0.0,0.0,0.0,0.0,0.0,1.0,0.0,2.0,0.0,low
UM (dearborn),Female,White,26.0,0,0.0,0.0,0.0,0.0,1.0,1.0,0.0,2.0,0.0,low
UM (dearborn),Male,White,27.0,0,0.0,0.0,0.0,0.0,1.0,1.0,0.0,2.0,0.0,low
UM (dearborn),Male,Other,30.0,0,0.0,1.0,1.0,1.0,1.0,1.0,1.0,6.0,1.0,low
UM (dearborn),Female,White,20.0,0,0.0,0.0,0.0,0.0,1.0,1.0,0.0,2.0,0.0,low
UM (dearborn),Male,White,25.0,1,0.0,0.0,1.0,0.0,0.0,1.0,0.0,3.0,1.0,low
UM (dearborn),Female,White,30.0,0,0.0,1.0,0.0,1.0,0.0,1.0,1.0,4.0,0.0,low
UM (dearborn),Female,White,26.0,0,1.0,0.0,0.0,0.0,1.0,0.0,0.0,2.0,1.0,low
UM (dearborn),Male,White,21.0,1,0.0,0.0,0.0,0.0,0.0,0.0,1.0,2.0,0.0,low
UM (dearborn),Female,White,29.0,1,0.0,0.0,0.0,1.0,0.0,0.0,0.0,2.0,1.0,low
UM (dearborn),Female,White,23.0,0,0.0,0.0,0.0,0.0,0.0,1.0,0.0,1.0,0.0,low
UM (dearborn),Female,White,25.0,0,0.0,0.0,0.0,0.0,1.0,1.0,0.0,2.0,1.0,low
UM (dearborn),Female,White,21.0,0,0.0,0.0,0.0,0.0,0.0,0.0,0.0,0.0,0.0,low
UM (dearborn),Male,White,28.0,1,0.0,0.0,1.0,0.0,1.0,1.0,1.0,5.0,1.0,low
UM (dearborn),Female,White,27.0,0,0.0,0.0,0.0,0.0,1.0,0.0,1.0,2.0,1.0,low
UM (dearborn),Male,Black,25.0,1,0.0,1.0,0.0,1.0,1.0,1.0,0.0,5.0,1.0,low
UM (dearborn),Male,White,23.0,0,0.0,0.0,0.0,0.0,0.0,1.0,0.0,1.0,1.0,low
UM (dearborn),Male,Black,27.0,0,0.0,0.0,0.0,0.0,0.0,1.0,0.0,1.0,0.0,low
UM (dearborn),Male,White,31.0,1,1.0,1.0,1.0,1.0,1.0,1.0,1.0,8.0,1.0,low
UM (dearborn),Female,Black,19.0,0,0.0,0.0,0.0,0.0,0.0,1.0,0.0,1.0,1.0,low
UM (dearborn),Male,White,27.0,0,0.0,0.0,0.0,0.0,1.0,1.0,0.0,2.0,1.0,low
Toledo,Female,White,27.0,0,0.0,0.0,0.0,0.0,1.0,1.0,1.0,3.0,1.0,low
Toledo,Male,White,24.0,1,0.0,1.0,0.0,0.0,0.0,0.0,0.0,2.0,1.0,low
Toledo,Male,Black,26.0,0,0.0,0.0,0.0,0.0,0.0,0.0,0.0,0.0,0.0,low
Toledo,Female,White,22.0,0,0.0,0.0,0.0,0.0,1.0,0.0,0.0,1.0,0.0,low
Toledo,Female,Black,18.0,0,0.0,0.0,0.0,0.0,0.0,0.0,0.0,0.0,0.0,low
Toledo,Female,Black,18.0,0,0.0,0.0,0.0,0.0,0.0,0.0,0.0,0.0,0.0,low
Toledo,Male,White,21.0,0,0.0,0.0,0.0,0.0,0.0,0.0,0.0,0.0,1.0,low
Toledo,Male,White,32.0,1,1.0,1.0,1.0,1.0,1.0,1.0,1.0,8.0,1.0,low
Toledo,Male,White,33.0,0,0.0,0.0,1.0,0.0,1.0,1.0,0.0,3.0,1.0,low
Toledo,Male,White,21.0,1,0.0,0.0,0.0,1.0,1.0,0.0,0.0,3.0,1.0,low
Toledo,Female,White,26.0,1,0.0,0.0,0.0,1.0,0.0,0.0,1.0,3.0,1.0,low
Toledo,Male,White,28.0,0,0.0,0.0,0.0,0.0,1.0,0.0,0.0,1.0,1.0,low
Toledo,Female,White,28.0,0,0.0,1.0,0.0,1.0,1.0,0.0,0.0,3.0,1.0,low
Toledo,Female,White,26.0,0,0.0,0.0,0.0,1.0,1.0,1.0,0.0,3.0,0.0,low
Toledo,Female,White,24.0,0,0.0,0.0,0.0,1.0,0.0,0.0,0.0,1.0,1.0,low
Toledo,Female,Black,23.0,0,0.0,0.0,0.0,0.0,1.0,1.0,0.0,2.0,1.0,low
Toledo,Male,White,19.0,0,0.0,0.0,0.0,0.0,0.0,0.0,0.0,0.0,0.0,low
Toledo,Female,White,32.0,0,0.0,0.0,0.0,0.0,0.0,1.0,0.0,1.0,0.0,low
Toledo,Male,White,23.0,1,0.0,1.0,0.0,1.0,1.0,1.0,1.0,6.0,0.0,low
Toledo,Male,White,26.0,0,0.0,0.0,0.0,0.0,0.0,1.0,0.0,1.0,1.0,low
Toledo,Female,Black,18.0,0,0.0,0.0,0.0,0.0,0.0,0.0,0.0,0.0,1.0,low
Toledo,Female,Black,18.0,0,0.0,0.0,0.0,0.0,1.0,1.0,0.0,2.0,0.0,low
Toledo,Female,Black,20.0,0,0.0,0.0,0.0,1.0,0.0,0.0,0.0,1.0,1.0,low
Toledo,Male,White,26.0,0,0.0,0.0,0.0,0.0,1.0,0.0,1.0,2.0,0.0,low
Toledo,Female,Latino,24.0,0,0.0,0.0,0.0,0.0,1.0,1.0,0.0,2.0,1.0,low
Toledo,Male,White,32.0,0,0.0,0.0,0.0,1.0,1.0,1.0,1.0,4.0,0.0,low
Toledo,Male,White,26.0,1,0.0,0.0,0.0,0.0,1.0,1.0,0.0,3.0,1.0,low
Toledo,Male,White,27.0,0,0.0,0.0,0.0,0.0,0.0,1.0,1.0,2.0,1.0,low
Toledo,Male,White,23.0,0,0.0,0.0,0.0,1.0,0.0,1.0,0.0,2.0,1.0,low
Toledo,Male,White,24.0,0,0.0,1.0,0.0,1.0,1.0,1.0,0.0,4.0,1.0,low
Toledo,Male,White,31.0,1,1.0,1.0,0.0,1.0,1.0,1.0,0.0,6.0,0.0,low
Toledo,Female,White,18.0,0,0.0,0.0,0.0,0.0,0.0,0.0,0.0,0.0,0.0,low
Toledo,Female,White,24.0,1,0.0,0.0,0.0,0.0,0.0,1.0,1.0,3.0,0.0,low
Toledo,Female,Black,19.0,0,0.0,0.0,0.0,0.0,1.0,1.0,0.0,2.0,0.0,low
Toledo,Male,White,27.0,1,0.0,0.0,0.0,1.0,1.0,1.0,0.0,4.0,1.0,low
Toledo,Male,Black,22.0,0,0.0,0.0,0.0,0.0,0.0,0.0,0.0,0.0,0.0,low
Toledo,Female,White,27.0,0,0.0,0.0,0.0,1.0,1.0,0.0,0.0,2.0,1.0,low
Toledo,Male,White,20.0,0,0.0,0.0,0.0,0.0,0.0,0.0,0.0,0.0,1.0,low
Toledo,Male,White,29.0,1,0.0,1.0,0.0,1.0,0.0,1.0,0.0,4.0,0.0,low
Toledo,Male,White,19.0,0,0.0,0.0,0.0,0.0,1.0,0.0,0.0,1.0,0.0,low
Toledo,Male,Black,21.0,0,0.0,0.0,0.0,0.0,0.0,1.0,1.0,2.0,1.0,low
Toledo,Male,Asian,27.0,1,0.0,0.0,0.0,1.0,1.0,0.0,0.0,3.0,0.0,low
Toledo,Male,White,26.0,1,0.0,0.0,1.0,0.0,1.0,1.0,1.0,5.0,1.0,low
Toledo,Female,White,27.0,1,0.0,0.0,0.0,1.0,1.0,1.0,0.0,4.0,1.0,low
Toledo,Female,White,19.0,0,0.0,0.0,0.0,0.0,1.0,0.0,0.0,1.0,0.0,low
Toledo,Male,White,25.0,0,0.0,0.0,0.0,1.0,1.0,1.0,1.0,4.0,0.0,low
Toledo,Female,White,21.0,0,0.0,0.0,0.0,0.0,1.0,1.0,0.0,2.0,0.0,low
Toledo,Male,White,21.0,0,0.0,0.0,0.0,0.0,1.0,0.0,0.0,1.0,1.0,low
Toledo,Male,Latino,18.0,0,0.0,0.0,0.0,0.0,1.0,0.0,0.0,1.0,0.0,low
Toledo,Male,White,24.0,0,0.0,0.0,0.0,0.0,1.0,0.0,0.0,1.0,1.0,low
Toledo,Male,White,20.0,0,0.0,0.0,0.0,0.0,1.0,0.0,0.0,1.0,1.0,low
Toledo,Female,White,25.0,0,0.0,0.0,0.0,0.0,1.0,0.0,0.0,1.0,0.0,low
Toledo,Male,White,23.0,0,0.0,0.0,0.0,0.0,1.0,0.0,1.0,2.0,0.0,low
Toledo,Female,White,23.0,0,0.0,0.0,0.0,0.0,0.0,0.0,0.0,0.0,1.0,low
Toledo,Male,White,26.0,1,1.0,0.0,1.0,1.0,1.0,1.0,1.0,7.0,1.0,low
Toledo,Male,White,22.0,0,0.0,0.0,0.0,0.0,1.0,0.0,1.0,2.0,0.0,low
Toledo,Male,White,29.0,0,0.0,0.0,0.0,1.0,1.0,1.0,1.0,4.0,0.0,low
Toledo,Male,Black,17.0,0,0.0,0.0,0.0,1.0,1.0,1.0,0.0,3.0,1.0,low
Toledo,Female,White,30.0,0,0.0,0.0,0.0,1.0,0.0,0.0,0.0,1.0,0.0,low
Toledo,Male,White,23.0,0,0.0,0.0,0.0,0.0,1.0,0.0,0.0,1.0,0.0,low
Toledo,Female,White,22.0,0,0.0,0.0,0.0,0.0,0.0,0.0,0.0,0.0,0.0,low
Toledo,Male,White,31.0,1,0.0,0.0,1.0,1.0,0.0,1.0,0.0,4.0,0.0,low
Toledo,Male,White,25.0,0,0.0,0.0,0.0,0.0,0.0,0.0,0.0,0.0,0.0,low
Toledo,Male,White,15.0,0,0.0,0.0,0.0,0.0,0.0,0.0,0.0,0.0,1.0,low
Toledo,Female,White,23.0,0,0.0,0.0,0.0,0.0,1.0,1.0,0.0,2.0,0.0,low
Toledo,Female,White,22.0,0,0.0,0.0,0.0,0.0,1.0,0.0,0.0,1.0,1.0,low
Toledo,Male,White,27.0,0,0.0,1.0,1.0,1.0,1.0,1.0,0.0,5.0,0.0,low
Toledo,Male,White,25.0,0,0.0,0.0,0.0,0.0,0.0,0.0,0.0,0.0,0.0,low
Toledo,Male,White,21.0,0,0.0,0.0,0.0,0.0,1.0,1.0,0.0,2.0,1.0,low
Toledo,Male,White,21.0,0,0.0,0.0,0.0,0.0,0.0,0.0,0.0,0.0,0.0,low
Toledo,Female,White,24.0,0,0.0,0.0,0.0,1.0,0.0,0.0,0.0,1.0,0.0,low
Toledo,Male,White,24.0,0,0.0,0.0,0.0,0.0,0.0,0.0,0.0,0.0,1.0,low
Toledo,Male,White,23.0,0,0.0,0.0,0.0,1.0,1.0,0.0,0.0,2.0,0.0,low
Toledo,Female,Black,26.0,1,0.0,0.0,0.0,0.0,0.0,1.0,0.0,2.0,0.0,low
Toledo,Female,White,19.0,0,0.0,0.0,0.0,0.0,0.0,1.0,0.0,1.0,0.0,low
Toledo,Male,White,21.0,0,0.0,0.0,0.0,0.0,0.0,0.0,1.0,1.0,1.0,low
UM (dearborn),Male,White,28.0,0,1.0,1.0,1.0,1.0,1.0,1.0,1.0,7.0,1.0,low
UM (dearborn),Female,Asian,28.0,0,0.0,0.0,0.0,1.0,1.0,0.0,0.0,2.0,0.0,low
UM (dearborn),Male,Latino,27.0,0,0.0,0.0,0.0,0.0,1.0,1.0,0.0,2.0,0.0,low
UM (dearborn),Female,White,25.0,1,0.0,1.0,0.0,1.0,1.0,1.0,1.0,6.0,0.0,low
UM (dearborn),Female,Asian,22.0,0,0.0,0.0,0.0,0.0,1.0,1.0,0.0,2.0,0.0,low
UM (dearborn),Male,Asian,22.0,0,0.0,0.0,0.0,0.0,1.0,0.0,0.0,1.0,0.0,low
UM (dearborn),Male,White,25.0,1,0.0,1.0,0.0,1.0,1.0,1.0,1.0,6.0,1.0,low
UM (dearborn),Male,White,31.0,0,0.0,0.0,0.0,0.0,0.0,1.0,0.0,1.0,0.0,low
UM (dearborn),Female,Other,25.0,0,0.0,0.0,0.0,1.0,0.0,1.0,1.0,3.0,0.0,low
UM (dearborn),Female,White,25.0,0,0.0,0.0,0.0,0.0,0.0,1.0,0.0,1.0,0.0,low
UM (dearborn),Female,Other,22.0,0,0.0,0.0,0.0,0.0,0.0,0.0,0.0,0.0,0.0,low
UM (dearborn),Male,White,20.0,0,0.0,0.0,0.0,0.0,1.0,1.0,0.0,2.0,0.0,low
UM (dearborn),Female,Asian,27.0,0,0.0,0.0,0.0,1.0,0.0,1.0,1.0,3.0,0.0,low
UM (dearborn),Female,White,26.0,0,0.0,0.0,0.0,0.0,0.0,0.0,1.0,1.0,0.0,low
UM (dearborn),Male,Black,22.0,1,0.0,1.0,0.0,0.0,0.0,0.0,0.0,2.0,0.0,low
UM (dearborn),Female,White,25.0,0,0.0,0.0,0.0,0.0,0.0,1.0,0.0,1.0,0.0,low
UM (dearborn),Male,Asian,28.0,1,1.0,1.0,1.0,1.0,1.0,1.0,1.0,8.0,0.0,low
UM (dearborn),Male,White,22.0,0,0.0,0.0,0.0,0.0,0.0,1.0,0.0,1.0,0.0,low
UM (dearborn),Male,White,26.0,0,0.0,1.0,1.0,1.0,1.0,1.0,0.0,5.0,0.0,low
UM (dearborn),Male,White,28.0,0,0.0,0.0,0.0,0.0,1.0,0.0,0.0,1.0,0.0,low
UM (dearborn),Male,White,24.0,0,0.0,0.0,0.0,1.0,1.0,1.0,0.0,3.0,1.0,low
UM (dearborn),Male,Latino,19.0,0,0.0,0.0,0.0,0.0,1.0,1.0,0.0,2.0,0.0,low
UM (dearborn),Female,Asian,25.0,0,0.0,0.0,0.0,1.0,0.0,1.0,0.0,2.0,1.0,low
UM (dearborn),Male,White,29.0,0,1.0,1.0,1.0,0.0,1.0,1.0,0.0,5.0,0.0,low
UM (dearborn),Female,White,27.0,0,0.0,0.0,0.0,1.0,1.0,1.0,0.0,3.0,0.0,low
UM (dearborn),Female,Other,24.0,0,0.0,0.0,0.0,0.0,1.0,0.0,0.0,1.0,0.0,low
UM (dearborn),Female,Black,26.0,1,0.0,0.0,0.0,0.0,0.0,1.0,0.0,2.0,1.0,low
UM (dearborn),Male,White,22.0,1,0.0,0.0,0.0,1.0,1.0,1.0,0.0,4.0,1.0,low
UM (dearborn),Male,Asian,20.0,0,0.0,0.0,0.0,0.0,0.0,0.0,0.0,0.0,1.0,low
UM (dearborn),Female,White,24.0,0,0.0,0.0,0.0,0.0,0.0,0.0,0.0,0.0,1.0,low
UM (dearborn),Female,Asian,20.0,0,0.0,0.0,0.0,0.0,0.0,1.0,0.0,1.0,0.0,low
UM (dearborn),Female,Asian,25.0,0,0.0,0.0,0.0,0.0,0.0,1.0,0.0,1.0,0.0,low
UM (dearborn),Male,White,27.0,0,0.0,0.0,0.0,0.0,0.0,0.0,0.0,0.0,0.0,low
UM (dearborn),Female,Other,21.0,0,0.0,0.0,0.0,0.0,0.0,0.0,0.0,0.0,0.0,low
UM (dearborn),Female,White,27.0,0,0.0,0.0,0.0,1.0,1.0,0.0,0.0,2.0,0.0,low
UM (dearborn),Male,White,31.0,0,0.0,0.0,0.0,0.0,0.0,1.0,0.0,1.0,0.0,low
UM (dearborn),Female,White,29.0,0,0.0,0.0,0.0,0.0,1.0,0.0,0.0,1.0,0.0,low
UM (dearborn),Female,White,21.0,1,0.0,0.0,0.0,1.0,1.0,1.0,0.0,4.0,0.0,low
Michigan,Female,Asian,34.0,0,0.0,0.0,1.0,1.0,1.0,1.0,1.0,5.0,1.0,middle
Michigan,Female,White,22.0,0,0.0,0.0,0.0,0.0,0.0,0.0,0.0,0.0,0.0,middle
Michigan,Female,White,24.0,0,0.0,0.0,0.0,0.0,0.0,0.0,0.0,0.0,1.0,middle
Michigan,Male,White,29.0,0,0.0,0.0,0.0,0.0,1.0,0.0,0.0,1.0,0.0,middle
Michigan,Female,White,25.0,0,0.0,0.0,0.0,1.0,1.0,1.0,0.0,3.0,0.0,middle
Michigan,Male,White,26.0,1,0.0,1.0,1.0,1.0,1.0,1.0,0.0,6.0,0.0,middle
Michigan,Female,White,28.0,0,1.0,1.0,1.0,1.0,0.0,1.0,1.0,6.0,1.0,middle
Michigan,Female,White,29.0,0,0.0,0.0,1.0,0.0,1.0,0.0,1.0,3.0,0.0,middle
Michigan,Female,White,29.0,1,0.0,0.0,0.0,1.0,1.0,1.0,1.0,5.0,1.0,middle
Michigan,Male,White,22.0,0,0.0,0.0,0.0,0.0,1.0,1.0,0.0,2.0,1.0,middle
Michigan,Male,White,28.0,0,1.0,0.0,0.0,0.0,0.0,1.0,1.0,3.0,1.0,middle
Michigan,Female,White,26.0,0,0.0,0.0,0.0,0.0,0.0,1.0,0.0,1.0,1.0,middle
Michigan,Male,White,24.0,0,0.0,0.0,0.0,1.0,1.0,1.0,1.0,4.0,1.0,middle
Michigan,Male,White,30.0,0,0.0,0.0,0.0,1.0,1.0,1.0,1.0,4.0,0.0,middle
Michigan,Male,White,22.0,0,0.0,0.0,0.0,0.0,0.0,0.0,0.0,0.0,1.0,middle
Michigan,Female,White,31.0,1,0.0,1.0,0.0,1.0,1.0,1.0,1.0,6.0,1.0,middle
Michigan,Female,Asian,28.0,1,0.0,1.0,0.0,1.0,1.0,0.0,1.0,5.0,1.0,middle
Michigan,Male,White,29.0,0,1.0,1.0,0.0,1.0,1.0,1.0,1.0,6.0,1.0,middle
Michigan,Male,White,23.0,0,0.0,0.0,0.0,0.0,0.0,0.0,0.0,0.0,1.0,middle
Michigan,Male,White,28.0,0,0.0,0.0,0.0,1.0,1.0,1.0,0.0,3.0,1.0,middle
Michigan,Male,White,30.0,1,0.0,0.0,0.0,0.0,1.0,1.0,0.0,3.0,0.0,middle
Michigan,Male,White,25.0,0,0.0,0.0,0.0,0.0,1.0,1.0,0.0,2.0,1.0,middle
Michigan,Female,Asian,29.0,0,0.0,0.0,0.0,1.0,0.0,1.0,0.0,2.0,0.0,middle
Michigan,Male,White,27.0,1,1.0,1.0,1.0,1.0,1.0,1.0,1.0,8.0,1.0,middle
Michigan,Female,White,25.0,0,0.0,0.0,0.0,0.0,0.0,1.0,0.0,1.0,1.0,middle
Michigan,Female,Other,26.0,0,0.0,0.0,0.0,1.0,1.0,1.0,1.0,4.0,0.0,middle
Michigan,Female,White,28.0,1,0.0,1.0,0.0,1.0,1.0,0.0,0.0,4.0,0.0,middle
Michigan,Male,White,30.0,1,0.0,0.0,0.0,1.0,0.0,0.0,1.0,3.0,1.0,middle
Michigan,Female,Asian,24.0,0,0.0,0.0,0.0,0.0,0.0,1.0,0.0,1.0,0.0,middle
Michigan,Male,White,32.0,1,0.0,1.0,1.0,1.0,1.0,1.0,1.0,7.0,1.0,middle
Michigan,Male,Other,28.0,1,0.0,0.0,0.0,1.0,1.0,1.0,1.0,5.0,0.0,middle
Michigan,Female,White,30.0,0,0.0,0.0,0.0,1.0,0.0,1.0,0.0,2.0,0.0,middle
Michigan,Male,Asian,29.0,0,0.0,0.0,0.0,0.0,1.0,1.0,0.0,2.0,0.0,middle
Michigan,Male,White,27.0,0,1.0,0.0,0.0,1.0,1.0,1.0,1.0,5.0,1.0,middle
Michigan,Male,White,27.0,0,0.0,0.0,0.0,1.0,1.0,1.0,0.0,3.0,1.0,middle
Michigan,Female,White,27.0,0,0.0,0.0,0.0,1.0,0.0,1.0,0.0,2.0,1.0,middle
Michigan,Female,White,27.0,1,0.0,1.0,1.0,1.0,1.0,1.0,1.0,7.0,1.0,middle
Michigan,Male,Black,24.0,0,0.0,0.0,0.0,0.0,0.0,0.0,0.0,0.0,1.0,middle
Michigan,Female,White,21.0,0,0.0,0.0,0.0,0.0,0.0,0.0,0.0,0.0,0.0,middle
Michigan,Female,Asian,31.0,0,0.0,0.0,0.0,0.0,0.0,0.0,0.0,0.0,0.0,middle
Michigan,Female,White,31.0,0,1.0,1.0,0.0,1.0,1.0,1.0,1.0,6.0,1.0,middle
Michigan,Female,Black,25.0,0,0.0,0.0,0.0,0.0,0.0,0.0,0.0,0.0,0.0,middle
Michigan,Male,White,28.0,0,0.0,0.0,0.0,1.0,1.0,0.0,0.0,2.0,1.0,middle
Michigan,Male,Other,23.0,0,0.0,0.0,0.0,0.0,0.0,0.0,0.0,0.0,1.0,middle
Michigan,Female,White,22.0,0,0.0,0.0,0.0,0.0,0.0,0.0,0.0,0.0,0.0,middle
Michigan,Male,White,27.0,0,0.0,0.0,0.0,1.0,1.0,1.0,0.0,3.0,1.0,middle
Michigan,Female,White,24.0,0,0.0,0.0,0.0,0.0,0.0,0.0,0.0,0.0,1.0,middle
Michigan,Female,White,26.0,0,0.0,0.0,0.0,1.0,0.0,0.0,0.0,1.0,1.0,middle
Michigan,Male,White,25.0,0,0.0,1.0,0.0,1.0,0.0,1.0,0.0,3.0,0.0,middle
Michigan,Male,Asian,27.0,0,0.0,1.0,0.0,1.0,1.0,1.0,1.0,5.0,0.0,middle
Michigan,Male,White,25.0,1,0.0,0.0,0.0,0.0,0.0,0.0,0.0,1.0,0.0,middle
Michigan,Female,White,29.0,0,0.0,0.0,0.0,1.0,0.0,1.0,0.0,2.0,0.0,middle
Michigan,Female,White,27.0,0,0.0,0.0,0.0,0.0,0.0,1.0,0.0,1.0,0.0,middle
Michigan,Female,White,28.0,0,0.0,0.0,0.0,0.0,0.0,0.0,0.0,0.0,1.0,middle
MSU,Male,White,21.0,0,0.0,0.0,0.0,0.0,0.0,0.0,0.0,0.0,0.0,low
MSU,Male,White,27.0,1,1.0,0.0,1.0,1.0,1.0,1.0,1.0,7.0,0.0,low
MSU,Female,White,30.0,0,0.0,1.0,0.0,1.0,1.0,1.0,0.0,4.0,1.0,low
MSU,Male,White,28.0,0,0.0,0.0,0.0,0.0,0.0,1.0,0.0,1.0,0.0,low
MSU,Female,White,32.0,0,0.0,0.0,0.0,1.0,0.0,1.0,0.0,2.0,0.0,low
MSU,Male,White,30.0,1,0.0,0.0,0.0,1.0,1.0,1.0,0.0,4.0,1.0,low
MSU,Female,Other,27.0,0,0.0,0.0,0.0,1.0,1.0,1.0,0.0,3.0,1.0,low
MSU,Female,Black,22.0,0,0.0,0.0,0.0,0.0,0.0,0.0,0.0,0.0,0.0,low
MSU,Male,White,17.0,0,0.0,0.0,0.0,1.0,1.0,1.0,0.0,3.0,0.0,low
MSU,Male,Black,21.0,0,0.0,0.0,0.0,0.0,0.0,1.0,0.0,1.0,0.0,low
MSU,Female,White,30.0,0,1.0,0.0,1.0,1.0,0.0,1.0,0.0,4.0,1.0,low
MSU,Male,Black,22.0,0,0.0,0.0,0.0,1.0,0.0,1.0,1.0,3.0,1.0,low
MSU,Female,White,25.0,0,0.0,0.0,0.0,1.0,1.0,1.0,1.0,4.0,0.0,low
MSU,Female,White,28.0,0,0.0,0.0,1.0,1.0,1.0,1.0,0.0,4.0,1.0,low
MSU,Male,White,30.0,0,0.0,0.0,0.0,0.0,0.0,0.0,1.0,1.0,0.0,low
MSU,Male,White,24.0,0,1.0,0.0,0.0,1.0,1.0,0.0,0.0,3.0,1.0,low
MSU,Male,White,28.0,1,0.0,0.0,1.0,1.0,0.0,1.0,1.0,5.0,1.0,low
MSU,Female,White,27.0,1,0.0,1.0,1.0,1.0,1.0,1.0,1.0,7.0,1.0,low
MSU,Male,White,27.0,1,1.0,0.0,1.0,1.0,1.0,1.0,0.0,6.0,1.0,low
MSU,Male,White,28.0,1,0.0,0.0,1.0,1.0,1.0,1.0,1.0,6.0,1.0,low
MSU,Female,Asian,21.0,0,0.0,0.0,0.0,0.0,0.0,0.0,0.0,0.0,0.0,low
MSU,Female,Asian,21.0,0,0.0,0.0,0.0,0.0,0.0,1.0,1.0,2.0,0.0,low
MSU,Female,White,27.0,1,0.0,0.0,0.0,0.0,0.0,1.0,0.0,2.0,0.0,low
MSU,Male,White,28.0,0,1.0,1.0,1.0,1.0,1.0,1.0,0.0,6.0,1.0,low
MSU,Male,White,27.0,0,1.0,0.0,1.0,0.0,1.0,1.0,0.0,4.0,1.0,low
MSU,Female,Asian,22.0,0,0.0,0.0,0.0,0.0,1.0,0.0,0.0,1.0,0.0,low
MSU,Female,Other,28.0,0,0.0,0.0,0.0,0.0,1.0,1.0,0.0,2.0,0.0,low
MSU,Male,White,32.0,1,1.0,1.0,1.0,1.0,1.0,1.0,1.0,8.0,1.0,low
MSU,Male,White,22.0,0,0.0,0.0,0.0,0.0,0.0,0.0,0.0,0.0,0.0,low
MSU,Female,White,32.0,1,0.0,0.0,0.0,0.0,1.0,0.0,0.0,2.0,1.0,low
MSU,Male,White,26.0,0,1.0,0.0,0.0,1.0,0.0,1.0,0.0,3.0,0.0,low
MSU,Female,Other,32.0,1,0.0,0.0,0.0,0.0,1.0,0.0,0.0,2.0,0.0,low
MSU,Female,Black,23.0,0,0.0,0.0,0.0,0.0,0.0,0.0,1.0,1.0,0.0,low
MSU,Female,White,26.0,0,0.0,0.0,0.0,1.0,0.0,0.0,0.0,1.0,1.0,low
MSU,Female,White,25.0,1,0.0,0.0,0.0,0.0,0.0,0.0,0.0,1.0,1.0,low
MSU,Male,White,28.0,0,0.0,0.0,1.0,1.0,1.0,1.0,0.0,4.0,0.0,low
MSU,Male,White,27.0,0,0.0,0.0,0.0,0.0,0.0,1.0,0.0,1.0,1.0,low
MSU,Female,Other,23.0,0,0.0,0.0,0.0,0.0,0.0,0.0,0.0,0.0,0.0,low
MSU,Female,White,24.0,0,0.0,0.0,0.0,0.0,0.0,0.0,0.0,0.0,0.0,low
MSU,Female,White,24.0,1,0.0,0.0,0.0,0.0,0.0,0.0,0.0,1.0,1.0,low
MSU,Female,White,33.0,0,1.0,1.0,0.0,1.0,0.0,1.0,1.0,5.0,1.0,low
MSU,Female,White,27.0,0,0.0,0.0,0.0,0.0,0.0,0.0,0.0,0.0,0.0,low
MSU,Female,White,26.0,0,0.0,0.0,0.0,0.0,1.0,1.0,0.0,2.0,0.0,low
MSU,Female,White,24.0,0,0.0,0.0,0.0,0.0,0.0,0.0,0.0,0.0,0.0,low
MSU,Female,Black,26.0,0,0.0,0.0,0.0,0.0,0.0,1.0,0.0,1.0,1.0,low
MSU,Female,White,21.0,1,0.0,0.0,0.0,0.0,0.0,1.0,0.0,2.0,0.0,low
MSU,Male,White,23.0,0,0.0,0.0,0.0,0.0,0.0,0.0,0.0,0.0,1.0,low
MSU,Female,Black,25.0,0,0.0,0.0,0.0,1.0,0.0,0.0,0.0,1.0,0.0,low
MSU,Female,White,25.0,0,0.0,0.0,0.0,0.0,0.0,1.0,0.0,1.0,1.0,low
MSU,Female,Black,21.0,0,0.0,0.0,0.0,0.0,0.0,0.0,0.0,0.0,1.0,low
MSU,Male,White,27.0,0,0.0,0.0,1.0,0.0,1.0,1.0,0.0,3.0,0.0,low
MSU,Male,White,18.0,0,0.0,0.0,0.0,0.0,0.0,1.0,0.0,1.0,0.0,low
Michigan,Male,White,28.0,0,0.0,0.0,0.0,1.0,1.0,0.0,0.0,2.0,1.0,middle
Michigan,Male,Asian,33.0,0,0.0,1.0,0.0,0.0,1.0,0.0,1.0,3.0,0.0,middle
Michigan,Male,Black,26.0,1,1.0,0.0,0.0,1.0,1.0,1.0,0.0,5.0,0.0,middle
Michigan,Male,White,28.0,0,0.0,1.0,0.0,1.0,0.0,0.0,0.0,2.0,0.0,middle
Michigan,Female,White,29.0,0,0.0,0.0,0.0,1.0,1.0,1.0,0.0,3.0,0.0,middle
Michigan,Male,Asian,35.0,1,1.0,1.0,1.0,1.0,1.0,1.0,1.0,8.0,1.0,middle
Michigan,Male,Asian,27.0,0,0.0,1.0,0.0,0.0,0.0,1.0,0.0,2.0,1.0,middle
Michigan,Male,White,36.0,1,0.0,0.0,0.0,0.0,0.0,0.0,0.0,1.0,1.0,middle
Michigan,Male,White,28.0,0,1.0,1.0,0.0,1.0,1.0,1.0,1.0,6.0,1.0,middle
Michigan,Male,White,26.0,1,1.0,0.0,0.0,1.0,1.0,0.0,0.0,4.0,1.0,middle
Michigan,Female,White,30.0,0,0.0,0.0,0.0,1.0,1.0,1.0,0.0,3.0,0.0,middle
Michigan,Male,White,34.0,0,0.0,1.0,1.0,1.0,1.0,1.0,1.0,6.0,1.0,middle
Michigan,Male,Asian,29.0,0,0.0,0.0,0.0,1.0,0.0,1.0,0.0,2.0,0.0,middle
Michigan,Male,Black,25.0,0,0.0,0.0,0.0,1.0,0.0,1.0,1.0,3.0,1.0,middle
Michigan,Male,White,29.0,0,0.0,0.0,0.0,0.0,0.0,0.0,0.0,0.0,0.0,middle
Michigan,Female,White,28.0,1,0.0,1.0,1.0,1.0,1.0,1.0,1.0,7.0,1.0,middle
Michigan,Female,White,27.0,1,0.0,0.0,0.0,1.0,1.0,0.0,0.0,3.0,1.0,middle
Michigan,Male,Black,24.0,1,1.0,0.0,0.0,0.0,0.0,0.0,1.0,3.0,0.0,middle
Michigan,Male,White,32.0,1,0.0,0.0,0.0,1.0,0.0,1.0,1.0,4.0,1.0,middle
Michigan,Male,Other,25.0,0,0.0,0.0,0.0,1.0,0.0,0.0,0.0,1.0,1.0,middle
Michigan,Female,White,32.0,1,0.0,1.0,0.0,1.0,1.0,1.0,1.0,6.0,1.0,middle
Michigan,Male,Black,31.0,1,1.0,0.0,1.0,1.0,1.0,0.0,0.0,5.0,0.0,middle
Michigan,Female,Asian,28.0,1,0.0,0.0,0.0,0.0,1.0,0.0,0.0,2.0,0.0,middle
Michigan,Female,White,29.0,1,0.0,0.0,0.0,1.0,1.0,1.0,0.0,4.0,1.0,middle
Michigan,Male,Other,26.0,1,0.0,0.0,0.0,0.0,0.0,0.0,0.0,1.0,1.0,middle
Michigan,Male,Other,29.0,1,0.0,0.0,0.0,0.0,1.0,0.0,0.0,2.0,0.0,middle
Michigan,Female,Asian,28.0,0,0.0,0.0,0.0,0.0,0.0,1.0,0.0,1.0,1.0,middle
MSU,Male,White,29.0,0,1.0,1.0,0.0,1.0,0.0,0.0,0.0,3.0,0.0,low
MSU,Female,White,25.0,0,0.0,0.0,0.0,0.0,0.0,1.0,0.0,1.0,1.0,low
MSU,Female,Black,20.0,0,0.0,0.0,0.0,0.0,0.0,0.0,0.0,0.0,0.0,low
MSU,Female,Asian,28.0,1,0.0,0.0,0.0,1.0,0.0,1.0,1.0,4.0,1.0,low
MSU,Male,White,30.0,1,1.0,1.0,1.0,1.0,1.0,1.0,1.0,8.0,1.0,low
MSU,Female,White,28.0,0,0.0,0.0,0.0,1.0,0.0,1.0,1.0,3.0,1.0,low
MSU,Female,White,25.0,0,0.0,0.0,0.0,1.0,0.0,1.0,0.0,2.0,1.0,low
MSU,Female,White,26.0,0,0.0,0.0,0.0,0.0,0.0,1.0,0.0,1.0,1.0,low
MSU,Female,White,25.0,1,0.0,0.0,0.0,1.0,0.0,0.0,0.0,2.0,1.0,low
MSU,Male,White,22.0,0,0.0,0.0,0.0,0.0,0.0,1.0,0.0,1.0,0.0,low
MSU,Female,White,24.0,0,0.0,0.0,0.0,0.0,0.0,0.0,0.0,0.0,0.0,low
MSU,Female,White,26.0,0,0.0,0.0,0.0,0.0,0.0,0.0,0.0,0.0,1.0,low
MSU,Female,White,22.0,0,0.0,0.0,0.0,0.0,0.0,0.0,0.0,0.0,0.0,low
MSU,Female,White,28.0,0,0.0,0.0,1.0,1.0,1.0,1.0,0.0,4.0,1.0,low
MSU,Male,White,24.0,1,0.0,0.0,0.0,1.0,1.0,1.0,0.0,4.0,1.0,low
MSU,Male,White,25.0,0,0.0,0.0,0.0,0.0,1.0,0.0,0.0,1.0,1.0,low
Michigan,Female,White,29.0,0,0.0,0.0,0.0,1.0,0.0,0.0,0.0,1.0,0.0,middle
Michigan,Female,White,31.0,1,0.0,0.0,0.0,0.0,0.0,0.0,0.0,1.0,0.0,middle
Michigan,Female,Asian,26.0,0,0.0,0.0,0.0,0.0,0.0,0.0,0.0,0.0,1.0,middle
Michigan,Female,Asian,25.0,1,0.0,0.0,0.0,0.0,0.0,1.0,0.0,2.0,1.0,middle
Michigan,Female,Black,21.0,0,0.0,0.0,0.0,0.0,0.0,0.0,0.0,0.0,1.0,middle
Michigan,Female,Asian,26.0,0,0.0,0.0,0.0,0.0,0.0,0.0,0.0,0.0,0.0,middle
Michigan,Male,White,34.0,1,0.0,1.0,0.0,1.0,1.0,1.0,1.0,6.0,1.0,middle
Michigan,Male,White,34.0,0,1.0,1.0,1.0,1.0,1.0,1.0,1.0,7.0,1.0,middle
Michigan,Female,Black,18.0,0,0.0,0.0,0.0,0.0,0.0,0.0,0.0,0.0,1.0,middle
Michigan,Male,Asian,30.0,1,0.0,0.0,0.0,0.0,1.0,1.0,1.0,4.0,1.0,middle
Michigan,Female,White,26.0,0,0.0,0.0,0.0,0.0,0.0,1.0,1.0,2.0,0.0,middle
Michigan,Female,White,29.0,0,0.0,1.0,0.0,1.0,0.0,0.0,0.0,2.0,0.0,middle
Michigan,Male,White,24.0,0,0.0,0.0,0.0,0.0,0.0,0.0,0.0,0.0,1.0,middle
Michigan,Female,Black,26.0,0,0.0,1.0,0.0,0.0,0.0,1.0,1.0,3.0,1.0,middle
Michigan,Male,Asian,32.0,1,1.0,1.0,1.0,1.0,1.0,1.0,1.0,8.0,0.0,middle
Michigan,Female,White,30.0,0,0.0,0.0,0.0,0.0,1.0,0.0,0.0,1.0,1.0,middle
Michigan,Female,White,34.0,0,1.0,0.0,1.0,1.0,1.0,1.0,1.0,6.0,1.0,middle
Michigan,Male,White,28.0,0,0.0,0.0,1.0,1.0,1.0,1.0,0.0,4.0,1.0,middle
Michigan,Male,Asian,30.0,0,0.0,0.0,0.0,0.0,1.0,0.0,0.0,1.0,0.0,middle
Michigan,Male,White,33.0,0,0.0,0.0,0.0,1.0,1.0,0.0,1.0,3.0,1.0,middle
Michigan,Female,Asian,28.0,0,0.0,0.0,0.0,0.0,0.0,1.0,0.0,1.0,1.0,middle
Michigan,Female,Black,25.0,0,0.0,1.0,0.0,1.0,0.0,0.0,1.0,3.0,1.0,middle
Michigan,Male,White,29.0,1,0.0,0.0,0.0,0.0,0.0,0.0,0.0,1.0,0.0,middle
Michigan,Female,White,29.0,0,0.0,0.0,0.0,1.0,0.0,1.0,0.0,2.0,1.0,middle
Michigan,Male,Other,28.0,0,0.0,0.0,0.0,1.0,0.0,1.0,1.0,3.0,1.0,middle
Michigan,Male,White,31.0,0,1.0,0.0,1.0,0.0,1.0,1.0,0.0,4.0,1.0,middle
Michigan,Male,White,31.0,1,0.0,1.0,0.0,1.0,1.0,1.0,0.0,5.0,1.0,middle
Michigan,Female,Asian,26.0,0,0.0,0.0,0.0,0.0,0.0,0.0,0.0,0.0,0.0,middle
Michigan,Male,White,28.0,0,1.0,0.0,0.0,1.0,1.0,0.0,0.0,3.0,1.0,middle
Michigan,Female,White,30.0,0,0.0,1.0,1.0,1.0,1.0,1.0,0.0,5.0,0.0,middle
Michigan,Female,White,27.0,0,0.0,0.0,0.0,0.0,1.0,0.0,0.0,1.0,0.0,middle
Michigan,Male,Black,26.0,0,0.0,0.0,0.0,0.0,0.0,0.0,0.0,0.0,0.0,middle
Michigan,Male,White,32.0,0,0.0,0.0,0.0,1.0,1.0,0.0,0.0,2.0,1.0,middle
Michigan,Male,White,34.0,0,1.0,0.0,0.0,1.0,1.0,1.0,1.0,5.0,1.0,middle
Michigan,Female,Black,22.0,0,0.0,0.0,0.0,1.0,0.0,0.0,0.0,1.0,0.0,middle
Michigan,Male,White,28.0,0,0.0,0.0,0.0,0.0,1.0,1.0,1.0,3.0,1.0,middle
MSU,Female,White,25.0,0,0.0,0.0,0.0,0.0,1.0,1.0,0.0,2.0,1.0,low
MSU,Male,White,24.0,0,0.0,0.0,0.0,0.0,0.0,0.0,0.0,0.0,0.0,low
MSU,Female,White,31.0,0,1.0,0.0,0.0,1.0,1.0,0.0,0.0,3.0,0.0,low
MSU,Female,White,22.0,0,0.0,0.0,0.0,0.0,1.0,0.0,0.0,1.0,0.0,low
MSU,Female,White,27.0,0,0.0,0.0,0.0,1.0,0.0,0.0,0.0,1.0,1.0,low
MSU,Female,White,26.0,0,0.0,0.0,0.0,0.0,0.0,0.0,1.0,1.0,1.0,low
MSU,Male,White,28.0,1,0.0,1.0,1.0,1.0,0.0,1.0,0.0,5.0,1.0,low
MSU,Female,White,24.0,0,0.0,0.0,0.0,0.0,0.0,1.0,0.0,1.0,1.0,low
MSU,Male,White,25.0,0,0.0,0.0,0.0,1.0,0.0,1.0,0.0,2.0,0.0,low
MSU,Male,White,28.0,0,1.0,0.0,0.0,1.0,0.0,1.0,1.0,4.0,1.0,low
MSU,Male,Other,29.0,1,1.0,0.0,1.0,1.0,1.0,1.0,1.0,7.0,0.0,low
MSU,Female,Black,17.0,0,0.0,0.0,0.0,0.0,0.0,0.0,0.0,0.0,0.0,low
MSU,Female,White,27.0,0,0.0,0.0,0.0,0.0,0.0,1.0,0.0,1.0,0.0,low
MSU,Male,Black,23.0,0,0.0,0.0,0.0,0.0,0.0,0.0,0.0,0.0,0.0,low
MSU,Male,White,21.0,0,0.0,0.0,0.0,1.0,0.0,1.0,0.0,2.0,1.0,low
MSU,Male,White,27.0,0,1.0,1.0,0.0,1.0,1.0,1.0,1.0,6.0,1.0,low
MSU,Male,White,29.0,0,0.0,0.0,0.0,1.0,0.0,0.0,0.0,1.0,0.0,low
MSU,Male,White,27.0,0,1.0,0.0,1.0,1.0,0.0,1.0,1.0,5.0,1.0,low
MSU,Female,White,22.0,0,0.0,0.0,0.0,0.0,0.0,0.0,0.0,0.0,0.0,low
MSU,Male,White,23.0,0,0.0,0.0,0.0,0.0,0.0,0.0,0.0,0.0,0.0,low
MSU,Female,White,26.0,0,0.0,0.0,0.0,0.0,0.0,0.0,0.0,0.0,0.0,low
MSU,Male,White,23.0,0,0.0,0.0,0.0,0.0,1.0,0.0,0.0,1.0,0.0,low
MSU,Male,White,24.0,0,0.0,0.0,0.0,0.0,0.0,0.0,0.0,0.0,0.0,low
MSU,Female,White,23.0,0,0.0,0.0,0.0,0.0,0.0,0.0,0.0,0.0,0.0,low
MSU,Female,White,24.0,0,0.0,0.0,0.0,0.0,1.0,0.0,0.0,1.0,1.0,low
MSU,Female,White,24.0,0,0.0,0.0,0.0,0.0,0.0,0.0,0.0,0.0,0.0,low
MSU,Female,White,26.0,0,0.0,0.0,0.0,0.0,1.0,0.0,0.0,1.0,0.0,low
MSU,Female,White,26.0,0,0.0,0.0,0.0,0.0,0.0,1.0,0.0,1.0,1.0,low
MSU,Female,Black,20.0,0,0.0,0.0,0.0,0.0,0.0,0.0,0.0,0.0,0.0,low
Michigan,Male,Asian,28.0,0,0.0,0.0,0.0,0.0,0.0,0.0,0.0,0.0,1.0,middle
Michigan,Male,Asian,35.0,1,1.0,1.0,1.0,1.0,1.0,1.0,1.0,8.0,1.0,middle
Michigan,Male,White,27.0,0,0.0,0.0,0.0,0.0,0.0,0.0,0.0,0.0,0.0,middle
Michigan,Male,Asian,29.0,1,0.0,1.0,0.0,1.0,0.0,0.0,0.0,3.0,0.0,middle
Michigan,Male,White,35.0,1,1.0,1.0,1.0,1.0,1.0,1.0,1.0,8.0,1.0,middle
Michigan,Female,White,32.0,0,1.0,0.0,0.0,1.0,1.0,1.0,1.0,5.0,1.0,middle
Michigan,Female,White,24.0,0,0.0,0.0,0.0,0.0,0.0,1.0,0.0,1.0,0.0,middle
Michigan,Female,Asian,27.0,0,0.0,0.0,0.0,0.0,1.0,0.0,0.0,1.0,1.0,middle
Michigan,Male,White,26.0,0,0.0,0.0,0.0,0.0,0.0,0.0,0.0,0.0,0.0,middle
Michigan,Male,White,32.0,0,0.0,0.0,0.0,1.0,1.0,1.0,1.0,4.0,1.0,middle
Michigan,Female,Asian,29.0,1,0.0,0.0,0.0,1.0,1.0,1.0,0.0,4.0,0.0,middle
Michigan,Male,White,33.0,1,0.0,1.0,0.0,1.0,1.0,1.0,1.0,6.0,0.0,middle
Michigan,Female,White,30.0,0,0.0,0.0,0.0,0.0,1.0,1.0,1.0,3.0,1.0,middle
Michigan,Male,White,29.0,0,1.0,1.0,0.0,1.0,0.0,1.0,1.0,5.0,0.0,middle
Michigan,Male,Latino,26.0,0,1.0,0.0,0.0,1.0,0.0,1.0,0.0,3.0,1.0,middle
Michigan,Female,White,26.0,0,0.0,0.0,0.0,0.0,0.0,0.0,0.0,0.0,0.0,middle
Michigan,Female,Black,25.0,1,0.0,0.0,0.0,0.0,0.0,1.0,0.0,2.0,0.0,middle
Michigan,Female,White,29.0,0,0.0,0.0,0.0,0.0,1.0,0.0,0.0,1.0,1.0,middle
Michigan,Male,White,26.0,0,0.0,0.0,0.0,1.0,0.0,0.0,1.0,2.0,0.0,middle
Michigan,Female,Asian,29.0,0,0.0,0.0,0.0,0.0,0.0,0.0,0.0,0.0,0.0,middle
Michigan,Male,Black,24.0,1,0.0,0.0,0.0,0.0,0.0,1.0,0.0,2.0,0.0,middle
Michigan,Female,Black,21.0,0,0.0,0.0,0.0,0.0,0.0,1.0,0.0,1.0,1.0,middle
Michigan,Male,Asian,27.0,0,0.0,0.0,0.0,1.0,0.0,1.0,1.0,3.0,0.0,middle
Michigan,Male,Other,23.0,0,0.0,0.0,0.0,0.0,0.0,0.0,1.0,1.0,0.0,middle
Michigan,Female,White,23.0,0,0.0,0.0,0.0,0.0,0.0,0.0,0.0,0.0,1.0,middle
Michigan,Male,Asian,32.0,1,0.0,0.0,0.0,0.0,1.0,0.0,0.0,2.0,1.0,middle
Michigan,Male,Black,29.0,0,0.0,0.0,0.0,0.0,0.0,0.0,0.0,0.0,0.0,middle
Michigan,Female,White,28.0,0,0.0,0.0,0.0,1.0,0.0,0.0,1.0,2.0,0.0,middle
Michigan,Male,White,31.0,1,0.0,0.0,1.0,1.0,1.0,1.0,1.0,6.0,1.0,middle
Michigan,Female,Other,22.0,0,0.0,0.0,0.0,1.0,0.0,1.0,0.0,2.0,0.0,middle
Michigan,Male,Asian,27.0,1,0.0,0.0,0.0,0.0,1.0,1.0,0.0,3.0,1.0,middle
Michigan,Male,White,31.0,1,0.0,1.0,1.0,1.0,1.0,1.0,1.0,7.0,1.0,middle
Michigan,Male,White,30.0,0,0.0,0.0,0.0,0.0,0.0,1.0,0.0,1.0,1.0,middle
Michigan,Female,White,29.0,0,0.0,0.0,0.0,0.0,1.0,1.0,1.0,3.0,0.0,middle
Michigan,Female,Black,28.0,0,0.0,0.0,0.0,1.0,0.0,0.0,1.0,2.0,1.0,middle
Michigan,Female,White,25.0,0,0.0,0.0,0.0,0.0,0.0,0.0,0.0,0.0,1.0,middle
Michigan,Male,White,26.0,1,1.0,1.0,1.0,1.0,1.0,1.0,0.0,7.0,1.0,middle
Michigan,Female,Latino,26.0,1,0.0,1.0,0.0,1.0,0.0,0.0,0.0,3.0,1.0,middle
Michigan,Female,White,26.0,1,0.0,0.0,0.0,0.0,0.0,1.0,0.0,2.0,1.0,middle
Michigan,Female,White,32.0,1,0.0,0.0,0.0,1.0,0.0,1.0,1.0,4.0,1.0,middle
Michigan,Female,Asian,36.0,0,1.0,1.0,1.0,1.0,1.0,1.0,1.0,7.0,1.0,middle
Michigan,Male,Latino,22.0,0,0.0,0.0,0.0,0.0,0.0,0.0,0.0,0.0,0.0,middle
Michigan,Female,Black,22.0,0,0.0,0.0,0.0,0.0,0.0,1.0,0.0,1.0,0.0,middle
Michigan,Female,Black,34.0,0,0.0,0.0,0.0,0.0,0.0,1.0,0.0,1.0,0.0,middle
Michigan,Female,White,33.0,1,0.0,0.0,1.0,1.0,1.0,1.0,0.0,5.0,0.0,middle
Michigan,Male,White,26.0,0,0.0,0.0,0.0,0.0,0.0,0.0,0.0,0.0,0.0,middle
Michigan,Female,Black,17.0,0,0.0,0.0,0.0,0.0,0.0,0.0,0.0,0.0,0.0,middle
Michigan,Female,White,34.0,0,1.0,0.0,0.0,1.0,1.0,1.0,1.0,5.0,1.0,middle
Michigan,Female,White,33.0,1,1.0,0.0,0.0,1.0,0.0,1.0,1.0,5.0,1.0,middle
Michigan,Male,White,31.0,0,1.0,0.0,0.0,1.0,1.0,1.0,0.0,4.0,0.0,middle
Michigan,Male,White,31.0,0,1.0,0.0,0.0,1.0,1.0,0.0,1.0,4.0,1.0,middle
Michigan,Female,White,26.0,0,0.0,0.0,0.0,1.0,1.0,0.0,1.0,3.0,0.0,middle
Michigan,Female,Latino,27.0,0,0.0,0.0,0.0,0.0,0.0,1.0,0.0,1.0,0.0,middle
Michigan,Male,Other,28.0,0,0.0,0.0,0.0,0.0,1.0,0.0,0.0,1.0,1.0,middle
Michigan,Female,White,30.0,1,1.0,1.0,1.0,1.0,0.0,0.0,0.0,5.0,1.0,middle
Michigan,Male,White,27.0,0,0.0,1.0,0.0,0.0,1.0,1.0,0.0,3.0,0.0,middle
Michigan,Male,White,28.0,0,1.0,0.0,1.0,0.0,1.0,1.0,1.0,5.0,0.0,middle
Michigan,Female,Asian,29.0,0,0.0,0.0,0.0,0.0,0.0,0.0,0.0,0.0,0.0,middle
Michigan,Male,White,26.0,0,1.0,1.0,1.0,1.0,1.0,1.0,1.0,7.0,1.0,middle
Michigan,Female,White,34.0,0,0.0,0.0,0.0,0.0,0.0,0.0,0.0,0.0,1.0,middle
Michigan,Male,White,31.0,1,0.0,0.0,1.0,1.0,1.0,1.0,1.0,6.0,1.0,middle
Michigan,Male,White,29.0,1,0.0,0.0,0.0,1.0,1.0,1.0,0.0,4.0,1.0,middle
Michigan,Male,White,27.0,0,0.0,0.0,0.0,1.0,0.0,1.0,0.0,2.0,1.0,middle
Michigan,Male,White,28.0,1,0.0,0.0,0.0,0.0,1.0,1.0,0.0,3.0,1.0,middle
Michigan,Female,Asian,25.0,1,0.0,0.0,0.0,0.0,1.0,0.0,0.0,2.0,1.0,middle
Michigan,Female,White,24.0,0,0.0,0.0,0.0,0.0,0.0,1.0,0.0,1.0,0.0,middle
Michigan,Female,Latino,21.0,0,0.0,0.0,0.0,0.0,0.0,0.0,0.0,0.0,0.0,middle
Michigan,Male,White,29.0,0,0.0,0.0,0.0,1.0,1.0,0.0,0.0,2.0,0.0,middle
Michigan,Female,White,30.0,1,0.0,0.0,0.0,1.0,0.0,1.0,1.0,4.0,1.0,middle
Michigan,Female,White,31.0,1,0.0,0.0,0.0,1.0,0.0,1.0,0.0,3.0,1.0,middle
Michigan,Male,White,28.0,0,0.0,1.0,1.0,1.0,1.0,1.0,1.0,6.0,1.0,middle
Michigan,Female,Asian,25.0,0,0.0,0.0,0.0,0.0,0.0,0.0,0.0,0.0,0.0,middle
Michigan,Male,Black,24.0,1,0.0,0.0,0.0,0.0,0.0,0.0,1.0,2.0,1.0,middle
Michigan,Male,White,30.0,0,0.0,0.0,0.0,0.0,0.0,0.0,0.0,0.0,1.0,middle
Michigan,Female,White,30.0,0,0.0,0.0,0.0,0.0,0.0,0.0,0.0,0.0,0.0,middle
Michigan,Male,Asian,32.0,1,0.0,0.0,0.0,1.0,1.0,1.0,0.0,4.0,0.0,middle
Michigan,Male,White,32.0,1,0.0,0.0,0.0,1.0,1.0,0.0,1.0,4.0,1.0,middle
Michigan,Female,White,29.0,1,0.0,1.0,0.0,1.0,1.0,1.0,1.0,6.0,1.0,middle
Michigan,Female,White,30.0,1,0.0,0.0,1.0,0.0,1.0,1.0,0.0,4.0,1.0,middle
Michigan,Female,Black,28.0,0,0.0,0.0,0.0,0.0,0.0,0.0,0.0,0.0,0.0,middle
Michigan,Female,White,29.0,1,0.0,0.0,0.0,1.0,1.0,0.0,1.0,4.0,0.0,middle
Michigan,Female,White,30.0,0,0.0,0.0,0.0,1.0,1.0,0.0,0.0,2.0,0.0,middle
Michigan,Male,White,30.0,1,0.0,0.0,0.0,1.0,1.0,1.0,0.0,4.0,0.0,middle
Michigan,Female,White,33.0,0,0.0,0.0,0.0,0.0,1.0,1.0,0.0,2.0,1.0,middle
Michigan,Male,White,32.0,0,0.0,0.0,1.0,1.0,1.0,1.0,0.0,4.0,0.0,middle
Michigan,Male,White,29.0,0,0.0,1.0,0.0,1.0,0.0,1.0,0.0,3.0,0.0,middle
Michigan,Male,Asian,35.0,0,0.0,1.0,1.0,1.0,1.0,1.0,1.0,6.0,0.0,middle
Michigan,Female,White,30.0,1,0.0,0.0,0.0,0.0,1.0,0.0,0.0,2.0,1.0,middle
Michigan,Male,White,32.0,0,0.0,1.0,0.0,1.0,1.0,1.0,1.0,5.0,1.0,middle
Bowling Green,Male,White,26.0,0,0.0,1.0,1.0,1.0,1.0,1.0,1.0,6.0,1.0,middle
Bowling Green,Male,Black,18.0,0,0.0,0.0,0.0,0.0,0.0,0.0,0.0,0.0,1.0,middle
Bowling Green,Female,White,24.0,0,0.0,0.0,0.0,0.0,0.0,0.0,1.0,1.0,0.0,middle
Bowling Green,Male,White,23.0,0,1.0,0.0,1.0,1.0,1.0,1.0,1.0,6.0,0.0,middle
Bowling Green,Male,White,21.0,0,0.0,0.0,0.0,0.0,1.0,0.0,0.0,1.0,0.0,middle
Bowling Green,Male,White,22.0,0,0.0,1.0,0.0,0.0,0.0,1.0,1.0,3.0,0.0,middle
Bowling Green,Female,Other,18.0,0,0.0,0.0,0.0,0.0,0.0,0.0,0.0,0.0,1.0,middle
Bowling Green,Female,White,21.0,0,0.0,0.0,0.0,0.0,0.0,0.0,0.0,0.0,0.0,middle
Bowling Green,Male,White,27.0,1,0.0,1.0,0.0,1.0,1.0,1.0,0.0,5.0,0.0,middle
Bowling Green,Male,White,27.0,0,0.0,0.0,0.0,0.0,0.0,0.0,0.0,0.0,0.0,middle
Bowling Green,Female,White,23.0,0,0.0,0.0,0.0,0.0,0.0,1.0,0.0,1.0,0.0,middle
Bowling Green,Male,White,31.0,0,0.0,1.0,1.0,1.0,0.0,0.0,1.0,4.0,1.0,middle
Bowling Green,Female,White,23.0,0,0.0,0.0,0.0,0.0,0.0,1.0,0.0,1.0,1.0,middle
Bowling Green,Male,White,24.0,1,0.0,0.0,0.0,0.0,0.0,0.0,1.0,2.0,0.0,middle
Bowling Green,Male,White,22.0,0,0.0,0.0,0.0,1.0,1.0,0.0,0.0,2.0,0.0,middle
Bowling Green,Female,Other,24.0,1,0.0,0.0,0.0,0.0,0.0,1.0,0.0,2.0,1.0,middle
Bowling Green,Male,White,31.0,0,1.0,1.0,1.0,0.0,1.0,1.0,1.0,6.0,0.0,middle
Bowling Green,Female,Black,19.0,0,0.0,0.0,0.0,0.0,1.0,0.0,0.0,1.0,0.0,middle
Bowling Green,Female,White,29.0,1,0.0,1.0,1.0,1.0,1.0,1.0,1.0,7.0,1.0,middle
Bowling Green,Female,Latino,24.0,0,0.0,0.0,0.0,1.0,0.0,1.0,0.0,2.0,0.0,middle
Bowling Green,Male,White,28.0,1,0.0,1.0,1.0,1.0,1.0,1.0,1.0,7.0,0.0,middle
Bowling Green,Female,White,20.0,0,0.0,0.0,0.0,0.0,0.0,0.0,0.0,0.0,0.0,middle
Bowling Green,Male,White,27.0,0,0.0,1.0,0.0,1.0,1.0,0.0,1.0,4.0,0.0,middle
Bowling Green,Male,White,20.0,0,0.0,0.0,0.0,1.0,0.0,0.0,0.0,1.0,0.0,middle
Bowling Green,Male,White,23.0,0,0.0,0.0,0.0,0.0,1.0,0.0,1.0,2.0,0.0,middle
Bowling Green,Female,White,30.0,1,0.0,0.0,0.0,1.0,0.0,1.0,0.0,3.0,1.0,middle
Bowling Green,Female,White,21.0,0,0.0,0.0,0.0,0.0,0.0,0.0,0.0,0.0,1.0,middle
Bowling Green,Female,White,19.0,0,0.0,0.0,0.0,0.0,0.0,0.0,0.0,0.0,0.0,middle
Bowling Green,Male,White,27.0,0,0.0,0.0,0.0,1.0,0.0,0.0,0.0,1.0,0.0,middle
Bowling Green,Male,White,30.0,0,0.0,0.0,0.0,0.0,1.0,0.0,0.0,1.0,0.0,middle
Bowling Green,Male,White,18.0,0,0.0,1.0,0.0,1.0,0.0,0.0,0.0,2.0,1.0,middle
Bowling Green,Male,White,21.0,0,0.0,0.0,0.0,0.0,0.0,1.0,0.0,1.0,0.0,middle
Bowling Green,Female,White,26.0,1,0.0,1.0,0.0,1.0,1.0,1.0,1.0,6.0,0.0,middle
Bowling Green,Female,White,21.0,0,0.0,0.0,0.0,0.0,1.0,1.0,0.0,2.0,1.0,middle
Bowling Green,Male,White,19.0,0,0.0,0.0,0.0,0.0,1.0,0.0,0.0,1.0,0.0,middle
Bowling Green,Male,White,19.0,0,0.0,0.0,0.0,0.0,0.0,0.0,0.0,0.0,1.0,middle
Bowling Green,Male,White,18.0,0,0.0,0.0,0.0,0.0,1.0,1.0,0.0,2.0,0.0,middle
Bowling Green,Male,White,29.0,0,0.0,1.0,0.0,1.0,0.0,1.0,0.0,3.0,0.0,middle
Michigan,Female,Other,28.0,0,0.0,0.0,0.0,0.0,1.0,1.0,0.0,2.0,0.0,middle
Michigan,Female,White,33.0,1,0.0,0.0,0.0,1.0,0.0,1.0,1.0,4.0,1.0,middle
Michigan,Female,Black,31.0,0,0.0,0.0,0.0,0.0,0.0,0.0,0.0,0.0,1.0,middle
Michigan,Female,Other,29.0,0,0.0,0.0,0.0,1.0,0.0,0.0,1.0,2.0,1.0,middle
Michigan,Male,White,31.0,0,1.0,0.0,0.0,1.0,1.0,1.0,1.0,5.0,1.0,middle
Michigan,Male,White,21.0,0,0.0,0.0,0.0,0.0,0.0,0.0,0.0,0.0,1.0,middle
Michigan,Male,Other,32.0,0,0.0,0.0,0.0,0.0,0.0,1.0,0.0,1.0,1.0,middle
Michigan,Female,Black,24.0,0,0.0,0.0,0.0,0.0,0.0,0.0,0.0,0.0,0.0,middle
Michigan,Male,Asian,30.0,1,1.0,0.0,0.0,1.0,1.0,0.0,0.0,4.0,0.0,middle
Michigan,Male,Asian,31.0,1,1.0,0.0,1.0,1.0,1.0,1.0,1.0,7.0,1.0,middle
Michigan,Female,White,26.0,0,0.0,0.0,0.0,0.0,0.0,0.0,0.0,0.0,1.0,middle
Michigan,Female,Other,27.0,0,0.0,0.0,0.0,1.0,1.0,0.0,1.0,3.0,0.0,middle
Michigan,Male,Black,27.0,1,1.0,1.0,1.0,0.0,0.0,1.0,1.0,6.0,0.0,middle
Michigan,Male,White,34.0,1,0.0,1.0,1.0,1.0,1.0,1.0,1.0,7.0,1.0,middle
Michigan,Female,White,27.0,0,0.0,0.0,0.0,1.0,0.0,0.0,0.0,1.0,0.0,middle
Michigan,Male,White,30.0,1,0.0,0.0,0.0,0.0,0.0,0.0,0.0,1.0,0.0,middle
Michigan,Male,White,26.0,0,0.0,0.0,0.0,1.0,0.0,1.0,0.0,2.0,1.0,middle
Michigan,Female,White,29.0,1,1.0,0.0,0.0,1.0,1.0,0.0,1.0,5.0,1.0,middle
Michigan,Female,White,26.0,0,0.0,0.0,0.0,1.0,1.0,1.0,0.0,3.0,0.0,middle
Michigan,Female,White,30.0,0,0.0,0.0,0.0,0.0,0.0,0.0,0.0,0.0,0.0,middle
Michigan,Female,White,31.0,0,0.0,0.0,0.0,1.0,0.0,1.0,1.0,3.0,1.0,middle
Michigan,Male,Asian,35.0,1,0.0,0.0,0.0,0.0,0.0,1.0,0.0,2.0,1.0,middle
Michigan,Male,Asian,28.0,0,1.0,1.0,1.0,1.0,1.0,1.0,1.0,7.0,1.0,middle
Michigan,Female,White,31.0,1,0.0,0.0,0.0,0.0,1.0,1.0,0.0,3.0,0.0,middle
Michigan,Female,Black,32.0,0,0.0,0.0,0.0,1.0,1.0,1.0,1.0,4.0,0.0,middle
Michigan,Female,Black,29.0,1,0.0,0.0,0.0,0.0,0.0,0.0,1.0,2.0,1.0,middle
Michigan,Female,White,29.0,1,0.0,1.0,0.0,0.0,1.0,1.0,1.0,5.0,1.0,middle
Michigan,Male,White,32.0,1,0.0,1.0,1.0,1.0,1.0,1.0,1.0,7.0,1.0,middle
Michigan,Male,White,22.0,0,0.0,0.0,0.0,0.0,0.0,1.0,0.0,1.0,0.0,middle
Michigan,Female,White,24.0,0,0.0,0.0,0.0,0.0,0.0,0.0,0.0,0.0,1.0,middle
Michigan,Female,Black,30.0,0,0.0,0.0,0.0,0.0,0.0,0.0,1.0,1.0,1.0,middle
Michigan,Male,Latino,30.0,1,1.0,0.0,0.0,1.0,1.0,1.0,0.0,5.0,0.0,middle
Michigan,Male,White,33.0,1,0.0,1.0,1.0,1.0,1.0,1.0,0.0,6.0,1.0,middle
Michigan,Female,Latino,27.0,0,0.0,0.0,1.0,1.0,1.0,1.0,0.0,4.0,1.0,middle
Michigan,Female,Black,26.0,1,0.0,1.0,0.0,0.0,0.0,0.0,1.0,3.0,1.0,middle
Michigan,Female,White,32.0,1,0.0,0.0,0.0,1.0,0.0,1.0,0.0,3.0,1.0,middle
Michigan,Male,Black,25.0,1,0.0,0.0,0.0,0.0,0.0,1.0,0.0,2.0,0.0,middle
Michigan,Female,Black,26.0,0,0.0,0.0,0.0,0.0,0.0,1.0,0.0,1.0,0.0,middle
Michigan,Male,White,33.0,1,1.0,0.0,1.0,1.0,1.0,1.0,1.0,7.0,1.0,middle
Michigan,Male,Asian,28.0,0,0.0,1.0,0.0,0.0,1.0,0.0,0.0,2.0,0.0,middle
Michigan,Female,Black,26.0,0,0.0,0.0,0.0,0.0,0.0,0.0,0.0,0.0,0.0,middle
Michigan,Female,Other,24.0,1,0.0,0.0,0.0,1.0,1.0,1.0,0.0,4.0,0.0,middle
Michigan,Female,White,29.0,1,0.0,1.0,0.0,0.0,1.0,1.0,1.0,5.0,0.0,middle
Michigan,Female,White,30.0,0,0.0,0.0,1.0,1.0,0.0,1.0,0.0,3.0,0.0,middle
Michigan,Female,White,31.0,0,0.0,0.0,0.0,1.0,1.0,0.0,0.0,2.0,0.0,middle
Michigan,Male,White,31.0,1,1.0,1.0,1.0,1.0,1.0,1.0,1.0,8.0,1.0,middle
